{"cameraMode":{"drawMode":0,"name":"Shaded","section":"Shading Mode"},"sceneLighting":false,"audioPlay":false,"sceneViewState":{"m_AlwaysRefresh":false,"showFog":true,"showSkybox":false,"showFlares":true,"showImageEffects":true,"showParticleSystems":true,"showVisualEffectGraphs":true,"m_FxEnabled":true},"in2DMode":false,"pivot":{"x":-0.15275347232818604,"y":0.49767976999282839,"z":0.06458312273025513},"rotation":{"x":-0.11015807092189789,"y":0.8609678149223328,"z":-0.21097582578659059,"w":-0.4495422840118408},"size":0.6312423944473267,"orthographic":false}